district,site_name,state
Agar Malwa,Nalkheda Baglamukhi Temple,Madhya Pradesh
Agar Malwa,Baijnath Mahadev Temple,Madhya Pradesh
Agar Malwa,Kewada Swami Bhairavnath Temple,Madhya Pradesh
Agar Malwa,Mohanpura Dam,Madhya Pradesh
Agar Malwa,Agar Fort,Madhya Pradesh
Alirajpur,Kakad Khodra Waterfall,Madhya Pradesh
Alirajpur,Chandrashekhar Azad Nagar,Madhya Pradesh
Alirajpur,Bhabra Memorial,Madhya Pradesh
Alirajpur,Alirajpur Fort,Madhya Pradesh
Alirajpur,Narmada Valley Viewpoints,Madhya Pradesh
Anuppur,Amarkantak,Madhya Pradesh
Anuppur,Kapildhara Falls,Madhya Pradesh
Anuppur,Dugdha Dhara Falls,Madhya Pradesh
Anuppur,Narmada Udgam Temple,Madhya Pradesh
Anuppur,Mai Ki Bagiya,Madhya Pradesh
Ashoknagar,Chanderi Fort,Madhya Pradesh
Ashoknagar,Koshak Mahal,Madhya Pradesh
Ashoknagar,Bada Madarsa Chanderi,Madhya Pradesh
Ashoknagar,Kati Ghati Gateway,Madhya Pradesh
Ashoknagar,Chanderi Museum,Madhya Pradesh
Balaghat,Kanha National Park,Madhya Pradesh
Balaghat,Lanji Fort,Madhya Pradesh
Balaghat,Baihar,Madhya Pradesh
Balaghat,Malanjkhand,Madhya Pradesh
Balaghat,Balaghat Heritage Sites,Madhya Pradesh
Barwani,Bawangaja,Madhya Pradesh
Barwani,Rajghat Narmada,Madhya Pradesh
Barwani,Sendhwa Fort,Madhya Pradesh
Barwani,Barwani Palace,Madhya Pradesh
Barwani,Narmada Valley Viewpoints,Madhya Pradesh
Betul,Muktagiri,Madhya Pradesh
Betul,Kukru,Madhya Pradesh
Betul,Balajipuram Temple,Madhya Pradesh
Betul,Tapti Udgam,Madhya Pradesh
Betul,Salbardi Caves,Madhya Pradesh
Bhind,Ater Fort,Madhya Pradesh
Bhind,Gohad Fort,Madhya Pradesh
Bhind,Madhavgarh Fort,Madhya Pradesh
Bhind,Chambal Sanctuary,Madhya Pradesh
Bhind,Gohad Jain Temple,Madhya Pradesh
Bhopal,Upper Lake,Madhya Pradesh
Bhopal,Taj-ul-Masajid,Madhya Pradesh
Bhopal,Bhojpur Temple,Madhya Pradesh
Bhopal,State Museum Bhopal,Madhya Pradesh
Bhopal,Van Vihar National Park,Madhya Pradesh
Burhanpur,Asirgarh Fort,Madhya Pradesh
Burhanpur,Shahi Qila,Madhya Pradesh
Burhanpur,Dargah-e-Hakimi,Madhya Pradesh
Burhanpur,Moti Mahal,Madhya Pradesh
Burhanpur,Black Mosque,Madhya Pradesh
Chhatarpur,Khajuraho Temples,Madhya Pradesh
Chhatarpur,Maharaja Chhatrasal Museum,Madhya Pradesh
Chhatarpur,Benisagar Lake,Madhya Pradesh
Chhatarpur,Khajuraho Museum,Madhya Pradesh
Chhatarpur,Kalinjar Heritage Area,Madhya Pradesh
Chhindwara,Patalkot,Madhya Pradesh
Chhindwara,Tamia,Madhya Pradesh
Chhindwara,Kukdi Khapa Waterfall,Madhya Pradesh
Chhindwara,Tribal Museum,Madhya Pradesh
Chhindwara,Pench National Park,Madhya Pradesh
Damoh,Kundalpur Jain Temple,Madhya Pradesh
Damoh,Nohta Temple,Madhya Pradesh
Damoh,Singrampur,Madhya Pradesh
Damoh,Bandakpur Temple,Madhya Pradesh
Damoh,Narsinghgarh Fort,Madhya Pradesh
Datia,Datia Palace,Madhya Pradesh
Datia,Pitambara Peeth,Madhya Pradesh
Datia,Sonagiri Jain Temples,Madhya Pradesh
Datia,Unnao Balaji Sun Temple,Madhya Pradesh
Datia,Seondha Fort,Madhya Pradesh
Dewas,Chamunda Mata Temple,Madhya Pradesh
Dewas,Kheoni Wildlife Sanctuary,Madhya Pradesh
Dewas,Dewas Tekri,Madhya Pradesh
Dewas,Pawar Palace,Madhya Pradesh
Dewas,Gidya Khoh,Madhya Pradesh
Dhar,Mandu,Madhya Pradesh
Dhar,Hoshang Shah Tomb,Madhya Pradesh
Dhar,Jami Masjid Mandu,Madhya Pradesh
Dhar,Roopmati Pavilion,Madhya Pradesh
Dhar,Hindola Mahal,Madhya Pradesh
Dindori,Ghughwa Fossil Park,Madhya Pradesh
Dindori,Karbona Waterfall,Madhya Pradesh
Dindori,Dindori Tribal Museum,Madhya Pradesh
Dindori,Narmada Forest Landscapes,Madhya Pradesh
Dindori,Dindori Heritage Sites,Madhya Pradesh
Guna,Bajrangarh Fort,Madhya Pradesh
Guna,Guna Fort,Madhya Pradesh
Guna,Kumbhraj Temples,Madhya Pradesh
Guna,Chanchoda Heritage Sites,Madhya Pradesh
Guna,Ruthiyai Heritage Sites,Madhya Pradesh
Gwalior,Gwalior Fort,Madhya Pradesh
Gwalior,Jai Vilas Palace,Madhya Pradesh
Gwalior,Sas Bahu Temples,Madhya Pradesh
Gwalior,Teli Ka Mandir,Madhya Pradesh
Gwalior,Gujari Mahal,Madhya Pradesh
Harda,Handia Narmada Ghats,Madhya Pradesh
Harda,Sethani Ghat,Madhya Pradesh
Harda,Neelkanth,Madhya Pradesh
Harda,Harda Fort,Madhya Pradesh
Harda,Narmada Heritage Sites,Madhya Pradesh
Indore,Rajwada Palace,Madhya Pradesh
Indore,Lal Bagh Palace,Madhya Pradesh
Indore,Kanch Mandir,Madhya Pradesh
Indore,Sarafa Bazaar,Madhya Pradesh
Indore,Patalpani Waterfall,Madhya Pradesh
Jabalpur,Bhedaghat Marble Rocks,Madhya Pradesh
Jabalpur,Dhuandhar Falls,Madhya Pradesh
Jabalpur,Madan Mahal Fort,Madhya Pradesh
Jabalpur,Rani Durgavati Museum,Madhya Pradesh
Jabalpur,Chausath Yogini Temple,Madhya Pradesh
Jhabua,Hathipawa Hills,Madhya Pradesh
Jhabua,Deojhiri,Madhya Pradesh
Jhabua,Jhabua Tribal Museum,Madhya Pradesh
Jhabua,Ratangarh Mata Temple,Madhya Pradesh
Jhabua,Bhagoria Festival Grounds,Madhya Pradesh
Katni,Rupnath Temple,Madhya Pradesh
Katni,Vijayraghavgarh Fort,Madhya Pradesh
Katni,Bahoriband Jain Sites,Madhya Pradesh
Katni,Katni River Ghats,Madhya Pradesh
Katni,Bilhari Temple,Madhya Pradesh
Khandwa,Omkareshwar,Madhya Pradesh
Khandwa,Sailani Island,Madhya Pradesh
Khandwa,Dada Dhuniwale Darbar,Madhya Pradesh
Khandwa,Narmada Ghats,Madhya Pradesh
Khandwa,Nagchun Dam,Madhya Pradesh
Khargone,Maheshwar,Madhya Pradesh
Khargone,Ahilya Fort,Madhya Pradesh
Khargone,Narmada Ghats Maheshwar,Madhya Pradesh
Khargone,Siddhanath Temple,Madhya Pradesh
Khargone,Mandleshwar,Madhya Pradesh
Maihar,Maa Sharda Temple,Madhya Pradesh
Maihar,Maihar Fort,Madhya Pradesh
Maihar,Baba Allauddin Khan Museum,Madhya Pradesh
Maihar,Bada Akhara,Madhya Pradesh
Maihar,Maihar Lake,Madhya Pradesh
Mandla,Kanha National Park,Madhya Pradesh
Mandla,Ram Nagar Fort,Madhya Pradesh
Mandla,Mandla Ghats,Madhya Pradesh
Mandla,Mandla Museum,Madhya Pradesh
Mandla,Sahasradhara,Madhya Pradesh
Mandsaur,Pashupatinath Temple,Madhya Pradesh
Mandsaur,Gandhi Sagar Sanctuary,Madhya Pradesh
Mandsaur,Bhanpura Museum,Madhya Pradesh
Mandsaur,Yashodharman Fort,Madhya Pradesh
Mandsaur,Sondani Monuments,Madhya Pradesh
Morena,Mitawali Temple,Madhya Pradesh
Morena,Padavali,Madhya Pradesh
Morena,Bateshwar Temples,Madhya Pradesh
Morena,National Chambal Sanctuary,Madhya Pradesh
Morena,Sabalgarh Fort,Madhya Pradesh
Narmadapuram,Pachmarhi,Madhya Pradesh
Narmadapuram,Sethani Ghat,Madhya Pradesh
Narmadapuram,Tawa Reservoir,Madhya Pradesh
Narmadapuram,Satpura National Park,Madhya Pradesh
Narmadapuram,Adamgarh Rock Shelters,Madhya Pradesh
Narsinghpur,Barman Ghat,Madhya Pradesh
Narsinghpur,Bramhan Ghat,Madhya Pradesh
Narsinghpur,Narsingh Temple,Madhya Pradesh
Narsinghpur,Chauragarh Heritage Sites,Madhya Pradesh
Narsinghpur,Narsinghpur Fort,Madhya Pradesh
Neemuch,Nava Toran Temple,Madhya Pradesh
Neemuch,Sukhanandji Ashram,Madhya Pradesh
Neemuch,Bhadwa Mata Temple,Madhya Pradesh
Neemuch,Gandhi Sagar vicinity,Madhya Pradesh
Neemuch,Neemuch Cantonment Heritage,Madhya Pradesh
Niwari,Orchha Fort,Madhya Pradesh
Niwari,Ram Raja Temple,Madhya Pradesh
Niwari,Chaturbhuj Temple,Madhya Pradesh
Niwari,Lakshmi Narayan Temple,Madhya Pradesh
Niwari,Betwa River Cenotaphs,Madhya Pradesh
Panna,Panna National Park,Madhya Pradesh
Panna,Pandav Falls,Madhya Pradesh
Panna,Raneh Falls,Madhya Pradesh
Panna,Ajaygarh Fort,Madhya Pradesh
Panna,Mahoba Gate,Madhya Pradesh
Raisen,Sanchi Stupa,Madhya Pradesh
Raisen,Raisen Fort,Madhya Pradesh
Raisen,Bhimbetka,Madhya Pradesh
Raisen,Udaigiri Caves,Madhya Pradesh
Raisen,Bhojpur Temple,Madhya Pradesh
Rajgarh,Shrinathji Temple,Madhya Pradesh
Rajgarh,Ghurel Pashupatinath Temple,Madhya Pradesh
Rajgarh,Shani Temple Khilchipur,Madhya Pradesh
Rajgarh,Kundalia Dam,Madhya Pradesh
Rajgarh,Mohanpura Dam,Madhya Pradesh
Ratlam,Sailana Palace,Madhya Pradesh
Ratlam,Cactus Garden Sailana,Madhya Pradesh
Ratlam,Kedareshwar Temple,Madhya Pradesh
Ratlam,Gulab Chakkar,Madhya Pradesh
Ratlam,Ratlam Fort,Madhya Pradesh
Rewa,Rewa Fort,Madhya Pradesh
Rewa,Venkat Bhawan,Madhya Pradesh
Rewa,White Tiger Safari Mukundpur,Madhya Pradesh
Rewa,Purva Falls,Madhya Pradesh
Rewa,Deur Kothar Stupas,Madhya Pradesh
Sagar,Sagar Lake,Madhya Pradesh
Sagar,Rahatgarh Fort,Madhya Pradesh
Sagar,Garhphra Waterfall,Madhya Pradesh
Sagar,Eran Archaeological Site,Madhya Pradesh
Sagar,Bina Heritage Sites,Madhya Pradesh
Satna,Chitrakoot,Madhya Pradesh
Satna,Bharhut Stupa Site,Madhya Pradesh
Satna,Ramvan,Madhya Pradesh
Satna,Pithaurabad Heritage Sites,Madhya Pradesh
Satna,Maihar,Madhya Pradesh
Sehore,Kubereshwar Dham,Madhya Pradesh
Sehore,Salkanpur Vindhyavasini Temple,Madhya Pradesh
Sehore,Sehore Fort,Madhya Pradesh
Sehore,Narmada Valley Viewpoints,Madhya Pradesh
Sehore,Sehore Heritage Sites,Madhya Pradesh
Seoni,Pench National Park,Madhya Pradesh
Seoni,Amodgarh,Madhya Pradesh
Seoni,Bhimgarh Dam,Madhya Pradesh
Seoni,Seoni Jungle Safari,Madhya Pradesh
Seoni,Kurai Heritage Sites,Madhya Pradesh
Shahdol,Sohagpur Fort,Madhya Pradesh
Shahdol,Bansagar Dam,Madhya Pradesh
Shahdol,Virateshwar Temple,Madhya Pradesh
Shahdol,Shahdol Museum,Madhya Pradesh
Shahdol,Amarkantak vicinity,Madhya Pradesh
Shajapur,Maa Rajrajeshwari Temple,Madhya Pradesh
Shajapur,Maksi Heritage Sites,Madhya Pradesh
Shajapur,Shajapur Fort,Madhya Pradesh
Shajapur,Chillari Mata Temple,Madhya Pradesh
Shajapur,Kali Sindh Ghats,Madhya Pradesh
Sheopur,Kuno National Park,Madhya Pradesh
Sheopur,Sheopur Fort,Madhya Pradesh
Sheopur,Palpur Fort,Madhya Pradesh
Sheopur,Kuno River Sites,Madhya Pradesh
Sheopur,Sasai Pura,Madhya Pradesh
Shivpuri,Madhav National Park,Madhya Pradesh
Shivpuri,Sakhya Sagar Lake,Madhya Pradesh
Shivpuri,Madhav Vilas Palace,Madhya Pradesh
Shivpuri,George Castle,Madhya Pradesh
Shivpuri,Bhadaiya Kund,Madhya Pradesh
Sidhi,Sanjay National Park,Madhya Pradesh
Sidhi,Churhat Palace,Madhya Pradesh
Sidhi,Sihawal Heritage Sites,Madhya Pradesh
Sidhi,Bansagar vicinity,Madhya Pradesh
Sidhi,Sidhi Fort,Madhya Pradesh
Singrauli,Rihand Dam,Madhya Pradesh
Singrauli,Deosar Heritage Sites,Madhya Pradesh
Singrauli,Singrauli Eco Park,Madhya Pradesh
Singrauli,Jayant Coal Heritage,Madhya Pradesh
Singrauli,Singrauli Viewpoints,Madhya Pradesh
Tikamgarh,Garh Kundar Fort,Madhya Pradesh
Tikamgarh,Tikamgarh Fort,Madhya Pradesh
Tikamgarh,Kundeshwar Temple,Madhya Pradesh
Tikamgarh,Baldevgarh Fort,Madhya Pradesh
Tikamgarh,Orchha Heritage Area,Madhya Pradesh
Ujjain,Mahakaleshwar Temple,Madhya Pradesh
Ujjain,Kal Bhairav Temple,Madhya Pradesh
Ujjain,Ram Ghat,Madhya Pradesh
Ujjain,Vedh Shala Observatory,Madhya Pradesh
Ujjain,Sandipani Ashram,Madhya Pradesh
Umaria,Bandhavgarh National Park,Madhya Pradesh
Umaria,Bandhavgarh Fort,Madhya Pradesh
Umaria,Tala Village,Madhya Pradesh
Umaria,Baghel Museum,Madhya Pradesh
Umaria,Chandia Heritage Sites,Madhya Pradesh
Vidisha,Udayagiri Caves,Madhya Pradesh
Vidisha,Heliodorus Pillar,Madhya Pradesh
Vidisha,Bijamandal,Madhya Pradesh
Vidisha,Gyaraspur,Madhya Pradesh
Vidisha,Udayeshwara Temple,Madhya Pradesh
Mauganj,Mauganj Heritage Sites,Madhya Pradesh
Mauganj,Churhat Road Heritage Area,Madhya Pradesh
Mauganj,Mauganj Waterfall Sites,Madhya Pradesh
Mauganj,Vindhya Viewpoints,Madhya Pradesh
Mauganj,Local Temple Heritage,Madhya Pradesh
Pandhurna,Jam Sawali Hanuman Temple,Madhya Pradesh
Pandhurna,Pandhurna Fort,Madhya Pradesh
Pandhurna,Tamsi Waterfall,Madhya Pradesh
Pandhurna,Jam River Ghats,Madhya Pradesh
Pandhurna,Pandhurna Heritage Sites,Madhya Pradesh
